quote,movie,type,year
Do or do not. There is no try.,Star Wars: Episode V - The Empire Strikes Back,movie,1980
Listen to them. Children of the night. What music they make.,Dracula,movie,1931
It's alive! It's alive!,Frankenstein,movie,1931
Oh no it wasn't the airplanes. It was Beauty killed the Beast.,King Kong,movie,1933
Magic Mirror on the wall who is the fairest one of all?,Snow White and the Seven Dwarves,movie,1937
Elementary my dear Watson.,The Adventures of Sherlock Holmes,movie,1939
I'll get you my pretty and your little dog too!,The Wizard of Oz,movie,1939
After all tomorrow is another day!,Gone With the Wind,movie,1939
Frankly my dear I don't give a damn.,Gone with the Wind,movie,1939
Toto I've got a feeling we're not in Kansas anymore.,The Wizard of Oz,movie,1939
There's no place like home.,The Wizard of Oz,movie,1939
As God is my witness I'll never be hungry again.,Gone with the Wind,movie,1939
It's gone forever that funny young lost look I loved won't ever come back. I killed that when I told you about Rebecca. It's gone. In a few hours you've grown so much older.,Rebecca,movie,1940
Here's looking at you kid.,Casablanca,movie,1942
Play it Sam. Play 'As Time Goes By.,Casablanca,movie,1942
We'll always have Paris.,Casablanca,movie,1942
Round up the usual suspects.,Casablanca,movie,1942
This is the beginning of a beautiful friendship.,Casablanca,movie,1942
When it comes to women you’re a true democrat.,Casablanca,movie,1942
I am big! It's the pictures that got small.,Sunset Blvd.,movie,1950
Nobody ever lies about being lonely.,Here to Eternity,movie,1953
You don't understand! I coulda had class. I coulda been a contender. I could've been somebody instead of a bum which is what I am.,On The Waterfront,movie,1954
Where we're going we don't need roads,Back to the future,movie,1958
Life is a banquet and most poor suckers are starving to death!,Auntie Mame,movie,1958
Well nobody is perfect,Some Like It Hot,movie,1959
My name is Bond James Bond.,Dr. No,movie,1962
Bond. James Bond,Dr. No,movie,1962
I don't understand. He meets a girl that can give him a new life and he pushes her away? Because he doesn't know how to love.,8 1⁄2 ,movie,1963
You expect me to talk? No Mr Bond I expect you to die!,Goldfinger,movie,1964
A martini. Shaken not stirred.,Goldfinger ,movie,1964
Gentlemen you can't fight in here! This is the War Room!,Dr. Strangelove,movie,1964
What we've got here is a failure to communicate.,Cool Hand Luke,movie,1967
They call me Mister Tibbs!,In the Heat of the Night,movie,1967
Mrs. Robinson you're trying to seduce me. Aren't you?,The Graduate,movie,1967
You only live twice:Once when you are born And once when you look death in the face,You only live twice,movie,1967
We rob banks.,Bonnie and Clyde,movie,1967
Take your stinking paws off me you damned dirty ape!,Planet of the Apes,movie,1968
Hello gorgeous.,Funny Girl,movie,1968
Love means never having to say you're sorry,Love Story,movie,1970
Public opinion has a way of changing.,A Clockwork Orange,movie,1971
Drop the gun take the cannoli.,The Godfather,movie,1972
A man who doesn't spend time with his family can never be a real man.,The Godfather,movie,1972
I'm going to make him an offer he can't refuse.,The Godfather,movie,1972
Great men are not born great they grow great.,The Godfather,movie,1972
I'm gonna make him an offer he can't refuse,The Godfather,movie,1972
Father Dyer: My idea of Heaven is a solid white nightclub with me as a headliner for all eternity and they LOVE me!!,The Exorcist,movie,1973
Men you are about to embark on a great crusade to stamp out runaway decency in the west. Now you men will only be risking your lives whilst I will be risking an almost certain Academy Award nomination for Best Supporting Actor.,Blazing Saddles,movie,1974
What did you expect? 'Welcome sonny'? 'Make yourself at home'? 'Marry my daughter'? You've got to remember that these are just simple farmers. These are people of the land. The common clay of the new West. You know... morons.,Blazing Saddles,movie,1974
Wait Master it might be dangerous... you go first.,Young Frankenstein,movie,1974
What's a dazzling urbanite like you doing in a rustic setting like this?,Blazing Saddles,movie,1974
Please! Remain in your seats I beg you! We are not children here we are scientists! I assure you there is nothing to fear!,Young Frankenstein,movie,1974
Keep your friends close but your enemies closer.,The Godfather II,movie,1974
Now I don't have to tell you good folks what's been happening in our beloved little town. Sheriff murdered crops burned stores looted people stampeded and cattle raped. The time has come to act and act fast. I'm leaving.,Blazing Saddles,movie,1974
You're gonna need a bigger boat.,Jaws,movie,1975
We are the Knights who say... Ni!,Monty Python and the Holy Grail,movie,1975
It’s just a flesh wound.,Monty Python and the Holy Grail,movie,1975
Run Away!,Monty Python and the Holy Grail,movie,1975
Yeah to you it's Thanksgiving; to me it's Thursday.,Rocky,movie,1976
You talking to me?,Taxi Driver,movie,1976
Yo Adrian!!.,Rocky,movie,1976
Is it safe?,Marathon man,movie,1976
If you strike me down I shall become more powerful than you could possibly imagine.,Star Wars,movie,1977
It'll be just like Beggar's Canyon back home,Star Wars,movie,1977
May the Force be with you.,Star Wars,movie,1977
May the force be with you,Star Wars,movie,1977
When I left you I was but the learner. Now I am the master.,Star Wars Episode IV - A New Hope,movie,1977
That’s no moon…it’s a space station,Star Wars Episode IV - A New Hope,movie,1977
All right but apart from the sanitation medicine education wine public order irrigation roads the fresh water system and public health what have the Romans ever done for us?,Monty Python's Life of Brian,movie,1979
Oh! It's blessed are the meek! I'm glad they're getting something they had a hell of a time...,Monty Python's Life of Brian,movie,1979
Always look on the Bright Side of Life ... Always look on the Light Side of Life.,Monty Python's Life of Brian,movie,1979
I love the smell of napalm in the morning,Apocalypse Now,movie,1979
Choose the sword and you will join me. Choose the ball and you join your mother in death. You don’t understand my words but you must choose. So… come boy choose life or death.,Shogun Assassin,movie,1980
Joey have you ever been in a turkish prison?,Airplane,movie,1980
Looks like I picked the wrong week to quit sniffing glue.,Airplane,movie,1980
You must unlearn what you have learned.,Star Wars: Episode V - The Empire Strikes Back,movie,1980
Little pigs little pigs let me come in! Not by the hair on your chinny chin chin? Then I'll huff... And I'll puff... And I'll blow your house in!,The Shining,movie,1980
Do or do not. There is no 'try'.,Star Wars: Episode V - The Empire Strikes Back,movie,1980
Luke I am your father.,Star Wars Empire Strikes Back,movie,1980
Here's Johnny!,The Shining,movie,1980
It's not the years honey. It's the mileage.,Raiders of the Lost Ark,movie,1981
The sun will come out tomorrow.,Annie,movie,1982
If you don't eat your meat you can't have any pudding! How can you have any pudding if you don't eat your meat?!,Pink Floyd: The Wall,movie,1982
I've seen things you people wouldn't believe. Attack ships on fire off the shoulder of Orion. I watched C-beams glitter in the dark near the Tannhäuser Gate. All those moments will be lost in time like tears in rain.,Blade Runner,movie,1982
I changed the conditions of the test. I don’t like to lose.,Star Trek II: The Wrath of Khan,movie,1982
Leaping lizards!,Annie,movie,1982
Go ahead make my day.,Sudden Impact,movie,1983
Say hello to my little friend!,Scarface,movie,1983
It’s a trap!,Star Wars: Return of Jedi,movie,1983
I always tell tell the truth even when i lie.,Scarface,movie,1983
I am a Jedi like my father before me.,Star Wars Episode 6 : Return Of The Jedi,movie,1983
From now on we are enemies you and I.,Amadeus,movie,1984
I'll be back.,The Terminator,movie,1984
Hasta la Vista baby.,The Terminator,movie,1984
I can’t believe I just gave my panties to a geek.,Sixteen Candles,movie,1984
Are you telling me that you built a time machine out of a DeLorean.,Back to the Future,movie,1985
I feel the need for speed,Top Gun,movie,1986
I feel the need - the need for speed!.,Top Gun,movie,1986
 I feel the need!!!! The need for speed!!!!,Top Gun,movie,1986
It's only forever not long at all...,Labyrinth,movie,1986
Life moves pretty fast. If you don’t stop and look around once in a while you could miss it.,Ferris Bueller's Day Off,movie,1986
I'm a mog: half man half dog. I'm my own best friend!,Spaceballs,movie,1987
Snap out of it!,Moonstruck,movie,1987
Come on... Come on! Do it! Do it! Come on. Come on! Kill me! I'm here! Kill me! I'm here! Kill me! Come on! Kill me! I'm here! Come on! Do it now! Kill me!,Predator,movie,1987
You idiots! These are not them! You've captured their stunt doubles!,Spaceballs,movie,1987
So Lone Starr now you see that evil will always triumph because good is dumb.,Spaceballs,movie,1987
And to think I've been telling my friends it's so cool living with an artist. You never once asked to paint me nude!,*batteries not included,movie,1987
Nobody puts Baby in a corner.,Dirty Dancing,movie,1987
Here endeth the lesson.,The Untouchables,movie,1987
Death cannot stop true love,The Princess Bride,movie,1987
As you wish...,The Princess Bride,movie,1987
Hello. My name is Inigo Montoya. You killed my father. Prepare to die.,The Princess Bride,movie,1987
Inconcievable!,The Princess Bride,movie,1987
Greed for lack of a better word is good,Wall Street,movie,1987
Yippie-ki-yay motherf—er!,Die Hard,movie,1988
Welcome to the party pal!,Die Hard,movie,1988
Like a midget at a urinal I was going to have to stay on my toes.,The Naked Gun,movie,1988
Say it aint’ so Joe. Say it ain’t so.,Eight Men Out,movie,1988
I'm not bad. I'm just drawn that way.,Who Framed Roger Rabbit,movie,1988
Strange things are afoot at The Circle K.,Bill and Ted's Most Excellent Adventure,movie,1989
You must strive to find your own voice because the longer you wait to begin the less likely you are going to find it at all.,Dead Poets Society,movie,1989
When you realize you want to spend the rest of your life with somebody you want the rest of your life to start as soon as possible.,When Harry Met Sally,movie,1989
Have you ever danced with the devil in the pale moonlight?,Batman,movie,1989
I'll have what she's having.,When Harry Met Sally,movie,1989
If you build it he will come.,Field of Dreams,movie,1989
Why don't you make like a tree and get out of here.,Back to the Future Part II,movie,1989
Carpe diem. Seize the day boys. Make your lives extraordinary.,Dead Poets Society,movie,1989
Just when I thought I was out they pull me back in.,The Godfather III,movie,1990
Never rat on your friends and always keep your mouth shut,Goodfellas,movie,1990
I love you. I really love you. Ditto.,Ghost,movie,1990
I’m funny how?  Funny like I’m a clown?  I amuse you?,Goodfellas,movie,1990
This valley is just one long smorgasbord.,Tremors,movie,1990
As far back as I can remember I always wanted to be a gangster.,Goodfellas,movie,1990
Better dead and cool then alive and uncool.,Harley Davidson and The Marlboro Man,movie,1991
You're a... you're a complex Freudian hallucination having something to do with my mother and I don't know why you have wings but you have very lovely legs and you're a very nice tiny person and what am I saying? I don't know who my mother was. I'm an orphan and I've never taken drugs because I missed the sixties; I was an accountant.,Hook,movie,1991
Oh and Senator just one more thing. Love your suit.,The Silence of the Lambs,movie,1991
Hook you let those kids out of that net in less than one minute or you better get an attorney and hope to God he's better than me.,Hook,movie,1991
Hasta la vista baby.,Terminator 2: Judgment Day,movie,1991
And you'd better deliver Miss Bell or no amount of clapping will bring you back from where I will send you.,Hook,movie,1991
Of course it's hard. It's supposed to be hard. If it wasn't hard everyone would do it. The hard is what makes it great,A League of their Own,movie,1992
There's no crying in baseball!,A League of Their Own,movie,1992
You can't handle the truth!,A Few Good Men,movie,1992
Party on Wayne! Party on Garth!,Wayne's World,movie,1992
You shoot me in a dream you better wake up and apologise.,Reservoir Dogs,movie,1992
You're killing me smalls!,The Sandlot,movie,1993
Life uh finds a way.,Jurassic Park,movie,1993
Clever girl.,Jurassic Park,movie,1993
What do you call them Max? Yabbos? Max likes your yabbos. In fact he loves them!,Hocus Pocus,movie,1993
You bred raptors?,Jurassic Park,movie,1993
I'm your Huckleberry.,Tombstone,movie,1993
You’re killin’ me Smalls.,The Sandlot,movie,1993
When I got tired I slept. When I got hungry I ate. When I had to go you know I went.,Forrest Gump,movie,1994
Some birds aren't meant to be caged. Their feathers are just too bright.,Shawshank Redemption,movie,1994
Yeah I called her up. She gave me a bunch of crap about me not listening to her or something. I don't know I wasn't really paying attention.,Dumb and Dumber,movie,1994
Run Forrest run!,Forrest Gump,movie,1994
Lord it's a miracle! Man up and vanished like a fart in the wind!,Shawshank Redemption,movie,1994
The past can hurt. But the way I see it you can either run from it or learn from it.,The Lion King,movie,1994
Oh yes the past can hurt. But you can either run from it or learn from it.,The Lion King,movie,1994
Hope is a good thing maybe the best of things and no good thing ever dies.,The Shawshank Redemption,movie,1994
Everything the light touches is our kingdom.,The Lion King,movie,1994
Life is like a box of chocolates; you never know what you're gonna get.,Forrest Gump,movie,1994
These walls are funny. First you hate ’em. Then you get used to ’em. Enough time passes you get so you depend on them. That’s institutionalized.,Shawshank Redemption,movie,1994
I mean seriously how often do you really look at a mans shoes?,Shawshank Redemption,movie,1994
Hope is a good thing maybe the best of things and no good thing ever dies.,Shawshank Redemption,movie,1994
Everything you see exists together in a delicate balance. As king you need to understand that balance and respect all the creatures from the crawling ant to the leaping antelope.,The Lion King,movie,1994
Mama says stupid is as stupid does.,Forrest Gump,movie,1994
For you the day Bison graced your village was the most important day in your life. But for me it was Tuesday.,Street Fighter,movie,1994
Salvation lies within.,Shawshank Redemption,movie,1994
Hakuna matata,The Lion King,movie,1994
Don't ever let anybody tell you they’re better than you.,Forrest Gump,movie,1994
Mama always said life was like a box of chocolates. You never know what you're gonna get.,Forrest Gump,movie,1994
Is life always this hard or is it just when you're a kid?,Léon,movie,1994
They may take our lives but they'll never take our freedom!,Breaveheart,movie,1995
Houston we have a problem.,Apollo 13,movie,1995
Hack the planet.,Hackers,movie,1995
What's in the box?!,Seven,movie,1995
They may take our lives but they'll never take our freedom!,Braveheart,movie,1995
 I used to think that if none of your family or friends knew you were dead it was like not really being dead. People can invent the best and the worst for you.,Before Sunrise,movie,1995
The greatest trick the devil ever pulled was convincing the world he didn't exist.,The Usual Suspects,movie,1995
Bye Felicia!,Friday,movie,1995
Every man dies; not every man really lives.,Braveheart,movie,1995
This isn't flying. This is falling with style!,Toy Story,movie,1995
To infinity and beyond!,Toy Story,movie,1995
That'll do pig. That'll do.,Babe,movie,1995
Get on the scale! Get off the scale!,Heavyweights,movie,1995
Every man dies but not every man really lives.,Braveheart,movie,1995
You can trouble me for a warm glass of SHUT THE HELL UP!! Now you will go to sleep or I will put you to sleep.,Happy Gilmore,movie,1996
Show me the money!,Jerry Maguire,movie,1996
You had me at hello.,Jerry Maguire,movie,1996
You little son of a bitch ball! Why you don't you just go HOME? That's your HOME! Are you too good for your HOME? ANSWER ME! SUCK MY WHITE ASS BALL!,Happy Gilmore,movie,1996
Some people can’t believe in themselves until someone else believes in them first.,Good Will Hunting,movie,1997
Ain't no rules says a dog can't play basketball.,Air Bud,movie,1997
Does anything more dangerous than that lurk just beneath the surface?,Titanic,movie,1997
You make me want to be a better man.,As Good as It Gets,movie,1997
I'm king of the world!,Titanic,movie,1997
Draw me like one of your French girls,Titanic,movie,1997
Tonight's forecast: a freeze is coming!,Batman & Robin,movie,1997
"People live their lives bound by what they accept as correct and true. That's how they define ""reality"". But what does it mean to be ""correct"" or ""true""? Merely vague concepts... Their ""reality"" may all be a mirage. Can we consider them to simply be living in their own world shaped by their beliefs?",Naruto,anime,1997
My Mama says that alligators are ornery because they got all them teeth and no toothbrush.,The Waterboy,movie,1998
What I need is a real live ghost. That's an oxymoron Daph.,Scooby-Doo on Zombie Island,movie,1998
You can feel the chill in the air cut who opened a window?,Scooby-Doo on Zombie Island,movie,1998
A census taker once tried to test me. I ate his liver with some fava beans and a nice Chianti.,The Silence of the lambs,movie,1998
No matter how the wind howls the mountain cannot bow to it.,Mulan,movie,1998
I’m the Dude so that’s what you call me. That or uh His Dudeness or uh Duder or El Duderino if you’re not into the whole brevity thing.,The Big Lebowski,movie,1998
Zoinks! How humiliating! Chased into a hole by 1/3 of a B.L.T.!,Scooby-Doo on Zombie Island,movie,1998
Make the money. Don’t let it make you.,The Player's Club,movie,1998
Wipe your upper lip romeo.,Scooby-Doo on Zombie Island,movie,1998
Put the weed in the bag first then get money.,Belly,movie,1998
A single grain of rice can tip the scale. One man may be the difference between victory and defeat.,Mulan,movie,1998
You're taking all the caviar? That caviar is a garnish!,You've Got Mail,movie,1998
The flower that blooms in adversity is the most rare and beautiful of all.,Mulan,movie,1998
Like... we're not looking for any ghoul-friends are we Scooby?,Scooby-Doo on Zombie Island,movie,1998
I'm having an old friend for dinner.,The Silence of the lambs,movie,1998
I live in Notting Hill. You live in Beverly Hills. Everyone in the world knows who you are my mother has trouble remembering my name.,Notting Hill,movie,1999
I'm also just a girl standing in front of a boy asking him to love her.,Notting Hill,movie,1999
Time is always against us.,The Matrix,movie,1999
The things you used to own now they own you.,Fight Club,movie,1999
Don't touch my nakama(friend) anymore! ,One Piece,anime,1999
It’s only after we’ve lost everything that we’re free to do anything.,Fight Club,movie,1999
Don’t let anyone ever make you feel like you don’t deserve what you want.,10 Things I Hate About You,movie,1999
Unfortunately no one can be told what the Matrix is. You have to see it for yourself.,The Matrix,movie,1999
Ignorance Is Bliss,The Matrix,movie,1999
I see dead people.,The Sixth Sense,movie,1999
The first rule of Fight Club is: You do not talk about Fight Club.,Fight Club,movie,1999
There is a difference between knowing the path and walking the path.,The Matrix,movie,1999
It's only after we've lost everything that we're free to do anything.,Fight Club,movie,1999
 I was the warm little center that the life of this world crowded around.,Fight Club,movie,1999
Fear. Fear attracts the fearful… the strong… the weak… the innocent… the corrupt. Fear. Fear is my ally.,Star Wars: Episode I – The Phantom Menace,movie,1999
By Grabthar's hammer...what a savings.,Galaxy Quest,movie,1999
Stop trying to control everything and just let go! LET GO!,Fight Club,movie,1999
Miracles only happen to those who never give up,One Piece,anime,1999
You met me at a very strange time in my life,Fight Club,movie,1999
I know kung fu.,The Matrix,movie,1999
People hurt the ones they love. That's how it is all around the world,The Green Mile,movie,1999
We need guns. Lots of guns.,Matrix,movie,1999
Damn! We're in a tight spot!,O Brother Where Art Thou?,movie,2000
Are you not entertained?,Gladiator,movie,2000
They called me Mr. Glass.,Unbreakable,movie,2000
I have nipples Greg. Could you milk me?,Meet the Parents,movie,2000
I hope he didn’t die. Unless he left a note naming me his successor then I hope he did die.,Futurama,tv,2000
There are No Accidents. No Coincidences. No Escapes. YOU CAN'T CHEAT DEATH.,Final Destination,tv,2000
Dude where's my car?,Dude Where's My Car?,movie,2000
Do you know what happens to a toad when it's struck by lightning? The same thing that happens to everything else.,X-men,movie,2000
Your eyes are like two big blue eyes.,Flintstones in Viva Rock Vegas,movie,2000
The key to a woman's heart is an unexpected gift at an unexpected time.,Finding Forrester,movie,2000
I'll take poor assumptions for $800 Alex.,Finding Forrester,movie,2000
Wilsoooooon.,Cast Away,movie,2000
Wilma whatever you decide to do I want you to know something. Your daddy will always love you.,Flintstones in Viva Rock Vegas,movie,2000
Oh Fred. That's so sweet.,Flintstones in Viva Rock Vegas,movie,2000
If you utter so much as one syllable I'LL HUNT YOU DOWN AND GUT YOU LIKE A FISH! If you'd like to fax me press the star key.,The Grinch,movie,2000
My name is Maximus Decimus Meridius commander of the Armies of the North General of the Felix Legions and loyal servant to the true emperor Marcus Aurelius. Father to a murdered son husband to a murdered wife. And I will have my vengeance in this life or the next.,Gladiator,movie,2000
No thinking -- that comes later. You must write your first draft with your heart. You rewrite with your head. The first key to writing is... to write not to think!,Finding Forrester,movie,2000
We could not talk or talk forever and still find things to not talk about.,Best in Show,movie,2000
Snnnnnooooooooooow!!!!!!!!!,Snow Day,movie,2000
I have nipples Greg. Could you milk me?,Meet the Parents,movie,2000
I've gotta get out of this place. Someday I'm getting on that train.,Spirited Away,movie,2001
Yeah. We graduated high school. How totally amazing.,Ghost World,movie,2001
One can never have enough socks.,Harry Potter and the Philosopher's Stone,movie,2001
Just what do you think you're doing Dave?,A Space Odyssey,movie,2001
You're a wizard Harry.,Harry Potter and the Sorcerer's Stone,movie,2001
What you NEED to do is get me my chips!!! With dip!!! Cuz you're delinquent motherfucker!,The Wash,movie,2001
You shall not pass!,The Lord of the Rings: The Fellowship of the Ring,movie,2001
Ask any racer. Any real racer. It don't matter if you win by an inch or a mile. Winning's winning.,The Fast and The Furious,movie,2001
Even the smallest person can change the course of the future.,The Lord of the Rings: The Fellowship of the Ring,movie,2001
So be prepared be enthusiastic and leave your bullshit attitude and baggage at the door because we don't need it!,Wet Hot American Summer,movie,2001
I live my life a quarter mile at a time.,The Fast and the Furious,movie,2001
They say that dreams are only real as long as they last. Couldn't you say the same thing about life?,Waking Life,movie,2001
All we have to decide what to do with the time that is given to us.,Lord Of The Ring - The Fellowships Of The Ring,movie,2001
Exercise gives you endorphins. Endorphins make you happy. Happy people just don't shoot their husbands. They just don't.,Legally Blonde,movie,2001
What is this? A center for ants?,Zoolander,movie,2001
All we have to decide is what to do with the time that is given us.,The Lord of the Rings: The Fellowship of the Ring,movie,2001
Of the days that I have lived only those I spent with you seemed real.,Cowboy Bebop: The Movie,movie,2001
Ogres are like onions.,Shrek,movie,2001
Once you meet someone you never really forget them. It just takes a while for your memory to come back to you,Spirited Away,movie,2001
I don't know half of you half as well as I should like; and I like less than half of you half as well as you deserve.,The Lord of the Rings: The Fellowship of the Ring,movie,2001
The greatest thing you’ll ever learn is just to love and be loved in return.,Moulin Rouge,movie,2001
It's only in the mysterious equation of love that any logical reasons can be found.,A Beautiful Mind,movie,2001
One Ring to rule them all One Ring to find them One Ring to bring them all and in the darkness bind them.,The Lord of The Rings: The Fellowship of the Ring,movie,2001
Even the smallest person can change the course of history.,The Lord of the Rings: The Fellowship of the Ring,movie,2001
It’s a dangerous business going out your door…You step into the Road and if you don’t keep your feet there is no knowing where you might be swept off to.,The Lord of the Rings: The Fellowship of the Ring,movie,2001
No I like you very much just as you are.,Bridget Jone's Diary,movie,2001
Welcome the rich man he's hard for you to miss. His butt keeps getting bigger so there's plenty there to kiss!,Spirited Away,movie,2001
Do you like dags?,The Snatch,movie,2001
There’s some good in this world and it’s worth fighting for.,The Lord of the Rings: The Two Towers,movie,2002
I'm tired of people who judge me without knowing my history.,8 miles,movie,2002
I don't like sand. It's all coarse and rough and irritating. And it gets everywhere.,The Lord of the Rings: The Two Towers,movie,2002
Your time will come. You will face the same Evil and you will defeat it.,The Lord of the Rings: The Fellowship of the Ring,movie,2002
The battle of Helm's Deep is over; the battle for Middle Earth is about to begin. ,The Lord of the Rings: The Two Towers,movie,2002
It is not our abilities that show what we truly are… it is our choices.,Harry Potter and the Chamber of Secrets,movie,2002
With great power comes great responsibility.,Spider Man,movie,2002
Dadinho é o caralho meu nome é Zé Pequeno porra!,Cidade de Deus,movie,2002
There is always hope.,The Lord of the Rings: The Two Towers,movie,2002
You know I'm something of a scientist myself.,Spiderman,movie,2002
My precious,The Lord of the Rings: The Two Towers,movie,2002
Li'l dice my ass my name is now Li'l Zé now,City of God,movie,2002
But in the end it’s only a passing thing this shadow even darkness must pass.,The Lord of the Rings: The Two Towers,movie,2002
My precious...,The Lord of the Rings: The Two Towers,movie,2002
Dark have been my dreams of late.,The Lord of the Rings: The Two Towers,movie,2002
It takes a great deal of bravery to stand up to our enemies but just as much to stand up to our friends.,Harry Potter and the Chamber of Secrets,movie,2002
Even the smallest person can change the course of the future.,The Lord of the Rings: The Fellowship of the Ring,movie,2002
Ye best start believin' in ghost stories Miss Turner. Yer in one.,Pirates of the Carribean,movie,2003
This is the day you will always remember as the day you almost caught Captain Jack Sparrow,Pirates of the Caribbean: The Curse of the Black Pearl,movie,2003
You sit on a throne of lies.,Elf,movie,2003
To me you are perfect.,Love Actually,movie,2003
I will not say: do not weep; for not all tears are an evil.,The Lord of the Rings: Return of the King,movie,2003
I want to change things. I want to believe that anything can be changed. The moment I met you a new world opened up for me. You see after wandering in the darkness for so long a light brought me happiness. It’s all thanks to you.,Chrono Crusade,anime,2003
The thing about romance is people only get together right at the very end.,Love Actually,movie,2003
Why are you trying so hard to fit in when you were born to stand out?,What A Girl Wants,movie,2003
We're goin' streaking!,Old School,movie,2003
 You're my boy Blue!,Old School,movie,2003
That there’s some good in this world Mr. Frodo… and it’s worth fighting for.,The Lord of the Rings: The Two Towers,movie,2003
Just keep swimming.,Finding Nemo,movie,2003
The problem is not the problem. The problem is your attitude about the problem. Do you understand?,Pirates of the Carribean,movie,2003
Not all treasure is silver and gold mate,Pirates of the Carribean,movie,2003
The ones that love us never really leave us.,Harry Potter and the Prisoner of Azkaban,movie,2004
Boo you whore!,Mean Girls,movie,2004
I want to play a game.,Saw,movie,2004
Stop trying to make 'fetch' happen. It's not going to happen.,Mean Girls,movie,2004
It's like I have ESPN or something.,Mean Girls,movie,2004
We should totally just stab Caesar!,Mean Girls,movie,2004
Whatever. I'm getting cheese fries.,Mean Girls,movie,2004
That is so fetch!,Mean Girls,movie,2004
You gonna eat your tots?,Napoleon Dynamite,movie,2004
You gotta hear this one song. It'll change your life I swear.,Garden State,movie,2004
A day may come when the courage of men fails… but it is not THIS day.,The Lord of the Rings: Return of the King,movie,2004
That's why her hair is so big.  It's full of secrets.,Mean Girls,movie,2004
You've got red on you,Shaun of the Dead,movie,2004
Nobody makes me bleed my own blood. Nobody!,Dodgeball: A True Underdog Story,movie,2004
I am gonna kill Bill.,Kill Bill,movie,2004
Is butter a carb?,Mean Girls,movie,2004
I solemnly swear that I am up to no good.,Harry Potter and the Prisoner of Azkaban,movie,2004
I'm not drinking any f****** Merlot!,Sideways,movie,2004
Your identity is your most valuable possession. Protect it.,The Incredibles,movie,2004
Nunchuck skills… bowhunting skills… computer hacking skills… Girls only want boyfriends who have great skills!,Napoleon Dynamite,movie,2004
No I shot him. Bullets and the fall killed him.,Collateral,movie,2004
They’ve done studies you know. 60% of the time it works every time.,Anchorman,movie,2004
I wish I could bake a cake filled with rainbows and smiles and everyone would eat and be happy.,Mean Girls,movie,2004
Four for you Glen Coco! You go Glen Coco!,Mean Girls,movie,2004
There's a 30% chance that it's already raining.,Mean Girls,movie,2004
She doesn't even go here!,Mean Girls,movie,2004
You gotta hear this one song. It'll change your life I swear.,Golden State,movie,2004
I love lamp.,Anchorman: The Legend of Ron Burgundy,movie,2004
You have bewitched me body and soul.,Pride and Prejudice,movie,2005
Life is a banquet and most poor suckers are starving to death!,Auntie Mame,movie,2005
And a hero is a person who resigns to be forgotten as we forget the dead for revolution.,Gie,movie,2005
If you want to know what a man’s like take a good look at how he treats his inferiors not his equals.,Harry Potter and the Goblet of Fire,movie,2005
Did you ever hear the tragedy of Darth Plagueis The Wise? I thought not. It's not a story the Jedi would tell you. It's a Sith legend.,Star Wars: Episode III – Revenge of the Sith,movie,2005
I am the Jewish James Bond!,Munich,movie,2005
Why do we fall? So we can learn to pick ourselves up.,Batman begins,movie,2005
If you want to know what a man's liketake a good look at how he treats his inferiors.,Harry Potter and the Goblet of Fire,movie,2005
You know how I know that you're gay?,The 40-Year-Old Virgin,movie,2005
Life is not the amount of breaths you take. It’s the moments that take your breath away.,Hitch,movie,2005
I wish I knew how to quit you.,Brokeback Mountain,movie,2005
I am the senate!,Star Wars: Episode III – Revenge of the Sith,movie,2005
It's not who I am underneath but what I do that defines me,Batman Begins,movie,2005
Didn't I tell you about the football field in the bathroom cupboard?,The Chronicles of Narnia: The Lion the Witch and the Wardrobe,movie,2005
Why do we fall sir? So that we can learn to pick ourselves up.,Batman Begins,movie,2005
What's comin' will come and we'll meet it when it does.,Harry Potter and the Goblet of Fire,movie,2005
Happiness is the most insidious prison of all Evey.,V for Vendetta,movie,2005
All's fair in Love and Basketball baby,Love and Basketball,movie,2005
Be it a stone or a grain of sand in water they both sink.,OldBoy,movie,2005
They don't know that we know they know we know.,Friends,tv,2005
That's what she said.,The Office,tv,2005
I'm sorry father for you there is only death. But our destiny is life!,The Fountain,movie,2006
If you ain't first you're last.,Taladega Nights,movie,2006
Walk that walk and go forward all the time. Don't just talk that talk walk it and go forward. Also the walk didn't have to be long strides; baby steps counted too. Go forward.,The Pursuit of Happyness,movie,2006
I can't really remember when I last had any hope and I certainly can't remember when anyone else did either. Because really since women stopped being able to have babies what's left to hope for?,Children Of Men,movie,2006
Y'know that ringing in your ears? That 'eeeeeeeeee'? That's the sound of the ear cells dying like their swan song. Once it's gone you'll never hear that frequency again. Enjoy it while it lasts.,Children Of Men,movie,2006
Life’s simple. You make choices and you don’t look back.,The Fast and The Furious: Tokyo Drift,movie,2006
I'm gonna say what any man with two penises would say when his tailor asks him if he dresses right or left... Yes.,Lucky Number Slevin,movie,2006
People can't do somethin' themselves they wanna tell you you can't do it. If you want somethin' go get it. Period. ,The pursuit of Happyness,movie,2006
Speed. I am speed.,Cars,movie,2006
I'm just one stomach flu away from my goal weight.,Devil wears Prada,movie,2006
Float like a cadillac sting like a beemer.,Cars,movie,2006
The world is your oyester. It's up to you to find the pearls.,The Pursuit of Happyness,movie,2006
Florals? For Spring. Groundbreaking.,The Devil Wears Prada,movie,2006
Nobody is gonna hit as hard as life but it ain’t how hard you can hit. It’s how hard you can get hit and keep moving forward. It’s how much you can take and keep moving forward. That’s how winning is done.,Rocky Balboa,movie,2006
Very nice!,Borat,movie,2006
I have had it with these motherfuckin' snakes on this motherfuckin' plane!,Snakes on a Plane,movie,2006
Don’t ever let somebody tell you you can’t do something. Not even me. Alright?,The Pursuit of Happyness,movie,2006
Death is the road to awe.,The Fountain,movie,2006
The past can't hurt you anymore unless you let it.,V for Vendetta,movie,2006
This is Sparta!,300,movie,2006
That's the beauty of argument. When you argue correctly you're never wrong.,Thank You for Smoking,movie,2006
Dear 8-pound 6-ounce newborn infant Jesus...,Talledega Nights: The Ballad of Ricky Bobby,movie,2006
Are you watching closely?,The Prestige,movie,2006
Dreams remind us what reality is.,A Scanner Darkly,movie,2006
TIA This is Africa,Blood Diamond,movie,2006
When you're looking for a cancer kid he should be hopeless. He should have a wheelchair he should have trouble talking he should have a little pet goldfish in a Zip-lock bag hopeless.,Thank You for Smoking,movie,2006
You got a dream... You gotta protect it. People can't do somethin' themselves they wanna tell you you can't do it. If you want somethin' go get it. Period.,The Pursuit of Happyness,movie,2006
Give Them Nothing... But take from Them Everything!,300,movie,2007
If we admit that human life can be ruled by reason then all possibility of life is destroyed.,Into the Wild,movie,2007
The woods are lovely dark and deep and I have promises to keep and miles to go before I sleep. Did you hear me butterfly? Miles to go before you sleep.,Death Proof,movie,2007
I read somewhere... how important it is in life not necessarily to be strong... but to feel strong.,Into the Wild,movie,2007
 Spider-Pig Spider-Pig. Does whatever a Spider-Pig does. Can he swing from a web? No he can't he's a pig. Look out! He is a Spider-Pig!,The Simpsons movie,movie,2007
When you want something in life you just gotta reach out and grab it.,Into the Wild,movie,2007
...And I also know how important it is in life not necessarily to be strong but to feel strong. To measure yourself at least once. To find yourself at least once in the most ancient of human conditions. Facing the blind death stone alone with nothing to help you but your hands and your own head,Into the Wild,movie,2007
Anyway my mum always said things we lose have a way of coming back to us in the end if not always in the way we expect.,Harry potter and the Order of the Phoenix,movie,2007
They all deserve to die. Even you Mrs. Lovett. Even I. Because the lives of the wicked should be made brief. For the rest of us death would be relief.,Sweeney Todd: The Demon Barber of Fleet Street ,movie,2007
As long as the concept of winners exists there must also be losers.,Naruto Shippuden,anime,2007
We’ve all got both light and darkness inside us. What matters is the part we choose to act on. That’s who we really are.,Harry Potter and the Order of the Phoenix,movie,2007
Not anyone can become a great artist but a great artist can come from anywhere.,Ratatouille,movie,2007
Happiness is only real when shared,Into the Wild,movie,2007
Bazinga!,The Big Bang theory,tv,2007
What's the most you ever lost on a coin toss?,No Country for Old Men,movie,2007
There's no room for softness... not in Sparta. No place for weakness. Only the hard and strong may call themselves Spartans. Only the hard only the strong.,300,movie,2007
I never realized how much I loved being home unless I'd been somewhere really different for awhile.,Juno,movie,2007
We've all got both light and darkness inside us. What matters is the part we choose to act on. That's who we really are.,Harry Potter and the Order of the Phoenix,movie,2007
These are desperate times Mrs Lovett. And desperate measures are called for.,Sweeney Todd: The Demon Barber of Fleet Street,movie,2007
I'm already pregnant. So what other shenanigans could I get myself into?,Juno,movie,2007
Music's the only thing that makes sense anymore man. Play it loud enough it keeps the demons at bay.,Across the Universe,movie,2007
Some people feel like they don't deserve love. They walk away quietly into empty spaces trying to close the gaps of the past.,Into the Wild,movie,2007
But when you forgive you love. And when you love God's light shines through you.,Into the Wild,movie,2007
Sometimes informations is more dangerous than weapons,Naruto Shippuden,movie,2007
 It's not about what I want. It's about what's fair!,The Dark Knight,movie,2008
 About three things I was absolutely certain. First Edward was a vampire. Second there was part of him-and I didn't know how potent that part might be- that thirsted for my blood. and third I was unconditionally and irrevocably in love with him.,Twilight,movie,2008
Some men just want to watch the world burn. ,The Dark Knight,movie,2008
It is within my power to drastically change his cirumstances but I don't want to give that man a gift he doesn't deserve.,Seven Pounds,movie,2008
I don't know what kind of gun this is. I only know the sound it makes when it kills a man.,Tropic Thunder,movie,2008
Sometimes the truth isn’t good enough sometimes people deserve more. Sometimes people deserve to have their faith rewarded    ,The Dark Knight,movie,2008
It's not about money...it’s about sending a message. Everything burns!,The Dark Knight,movie,2008
If you let my daughter go now that'll be the end of it. I will not look for you I will not pursue you. But if you don't I will look for you I will find you and I will kill you.,Taken,movie,2008
There is no secret ingredient. It’s just you.,Kung Fu Panda,movie,2008
Why so serious?,The Dark Knight,movie,2008
You either die a hero or you live long enough to see yourself become the villain.,Batman: The Dark Knight,movie,2008
Give me a scotch!,Iron Man,movie,2008
I don't read the script. The script reads me.,Tropic Thunder,movie,2008
Me? I know who I am. I'm a dude playing a dude disguised as another dude.,Tropic Thunder,movie,2008
May the odds ever be in your favor.,The Hunger Games,movie,2008
Don't talk like you're one of them,The Dark knight,movie,2008
Our lives are defined by opportunities even the ones we miss.,Benjamin Button,movie,2008
You see in their last moments people show you who they really are.,The Dark Knight,movie,2008
If you’re good at something never do it for free.,The Dark Knight,movie,2008
I'm not a big fat panda. I'm THE big fat panda.,Kung Fu Panda,movie,2008
You either die a hero or live long enough to see yourself become the villian.,The Dark Knight,movie,2008
Let's put a smile on that face!,The Dark Knight,movie,2008
I believe whatever doesn’t kill you simply makes you stranger.,The Dark Knight,movie,2008
Is it better to be feared or respected? I say is it too much to ask for both?,Ironman 1,movie,2008
Madness as you know is like gravity all it takes is a little push.,The Dark Knight,movie,2008
I am not in danger I am the danger,Breaking Bad,movie,2008
Some men just want to watch the world burn.,The Dark Knight,movie,2008
Does it depress you? To know just how alone you really are?,The Dark Knight,movie,2008
Fuck them kids,Soul Men,movie,2008
Do i look like a guy with plan?,the dark knight,movie,2008
It's not about what I want. It's about what's fair!,The Dark Knight,movie,2008
Nobody panics when things go “according to plan”. Even if the plan is horrifying!,The Dark Knight,movie,2008
Adventure is out there,Up,movie,2009
Nobody knows this mall better than I do.,Paul Blart: Mall Cop,movie,2009
If what I think is happening is happening it better not be.,Fantastic Mr. Fox,movie,2009
I love you too but I shouldn't have married you.,Fantastic Mr. Fox,movie,2009
I love rumors! Facts can be so misleading but rumors true or false are often revealing,Inglorious Basterds,movie,2009
Just because she likes the same bizzaro crap you do doesn't mean she's your soul mate.,500 Days of Summer,movie,2009
Didn't I tell you not to come to my house? Nobody touches my child!,Obsessed,movie,2009
You've ever been to Del Frisco's? They cater so for lunch I would love a twenty ounce porterhouse steak medium maybe a little charred with all the trimmings pommes frites asparagus and butter squash.,Law Abiding Citizen,movie,2009
We're all different... Him especially. But there's something kind of fantastic about that isn't there?,Fantastic Mr. Fox,movie,2009
It is impossible to manufacture or imitate love,Harry Potter and the Half-Blood Prince,movie,2009
Every path is the right path. Everything could've been anything else. And it would have just as much meaning.,Mr Nobody,movie,2009
Hell is a teenage girl.,Jennifer's Body,movie,2009
It was my bad. I was never a very good practical joker.,Zombieland,movie,2009
This weapon seems made to order for the Brothers Grimm downstairs.,Pulp Fiction,movie,2009
Am I being flirted with by a psychotic rat?,Fantastic Mr. Fox,movie,2009
Well how carefully should I tread? Because apparently I just killed two people and you were about to let me walk right out that door! How MISGUIDED are you? I feed you a couple of bullshit legal precedents and there you go - you jump on it like a bitch in heat.,Law Abiding Citizen,movie,2009
Redemption? Sure. But in the end he's just another dead rat in a garbage pail behind a Chinese restaurant.,Fantastic Mr. Fox,movie,2009
What happens in vegas stays in vegas,The Hangover,movie,2009
Whoops. Broke your 350 year old doorknob,The Social Network,movie,2010
Which would be worse to live a monster or die as a good man?,Shutter Island,movie,2010
You cocky cock! You'll pay for your crimes against humanity!,Scott Pilgrim VS. The World,movie,2010
You want to know the difference between a master and a beginner? The master has failed more times that the beginner has ever tried.,Karate Kid,movie,2010
An idea is like a virus. Resilient. Highly contagious. And even the smallest seed of an idea can grow. It can grow to define or destroy you.,Inception,movie,2010
There's a benefit to losing: You get to learn from your mistakes.,Megamind,movie,2010
A million dollars isn't cool. You know what's cool?,The Social Network,movie,2010
It is a curious thing Harry but perhaps those who are best suited to power are those who have never sought it.,Harry Potter and the Deathly Hallows,movie,2010
Dreams feel real while we're in them. It's only when we wake up that we realize something was actually strange.,Inception,movie,2010
You have nothing to fear if you have nothing to hide.,Harry Potter and the Deathly Hallows,movie,2010
Only he knew the price he paid to become the greatest birder of all time.,The Big Year,movie,2011
Zaldrīzes buzdari iksos daor! (A dragon is not a slave!),Game of Thrones,tv,2011
I'm so much better when you're around,One Day,movie,2011
The problem is I pretty much fancy everyone. It's like I've just got out of prison all of the time.,One Day,movie,2011
When you play game of thrones you win or you die there is no middle ground!,Game of Thrones,tv,2011
A tortilla is either corn or wheat. But a corn tortilla folded and filled is a taco whereas a filled wheat tortilla is a burrito. Deep fry a burrito it's a chimichanga.Toast a tortilla it's a tostada. Roll it it's an enchilada.,One Day,movie,2011
No one should be immortal if even one person has to die.,In Time,movie,2011
Of course it is happening inside your head Harry but why on earth should that mean that it is not real?,Harry Potter and the Deathly Hallows,movie,2011
The winter is coming.,Game of Thrones,tv,2011
Winter is coming!,Game of Thrones,tv,2011
Chaos is a ladder!,Game of Thrones,tv,2011
A Lannister always pays his debts,Game of Thrones,movie,2011
You is kind. You is smart. You is important.,The Help,movie,2011
For a guy with a four digit IQ I must have missed something.,Limitless,movie,2011
Go to work and have a fun.,The Raid Redemption,movie,2011
Hodor,Game of Thrones,movie,2011
Never Stop Looking for What's Not There.,The Magic of Belle Isle,movie,2012
Cause if we can't protect the Earth you can be damn sure we'll avenge it.,The Avengers,movie,2012
You had my curiosity. But now you have my attention.,Django Unchained,movie,2012
Gentlemen you had my curiosity but now you have my attention.,Django Unchained,movie,2012
There are those who say fate is something beyond our command that destiny is not our own. But I know better. Our fate lives within us. You only have to be brave enough to see it.,Brave,movie,2012
Above all don't lose hope,Life of Pi,movie,2012
That’s my secret Captain. I’m always angry.,The Avengers ,movie,2012
I'm a huge fan of the way you lose control and turn into an enormous green rage monster.,The Avengers,movie,2012
Better clench up Legolas.,The Avengers,movie,2012
Bright day uh Bright Boy?,Django Unchained,movie,2012
Where there's life there's hope.,The Hobbit,movie,2012
Ah you think darkness is your ally? You merely adopted the dark. I was born in it molded by it. I didn't see the light until I was already a man by then it was nothing to me but blinding,Dark Knight Rises,movie,2012
Following's not really my style.,Marvel's The Avengers,movie,2012
There was an idea to bring together a group of remarkable people to see if we could become something more,The Avengers,movie,2012
 That's what I do: I drink and I know things.,Game of Thrones,tv,2012
Genius billionaire playboy philanthropist.,The Avengers,movie,2012
I love you but you don't know what you're talking about.,Moonrise Kingdom,movie,2012
When you stop trying to force the solution it'll happen on its own.,The Flash,tv,2012
The law says that you cannot touch. But I think I see a lot of lawbreakers up in this house tonight,Magic Mike,movie,2012
We accept the love we think we deserve,The Perks of Being a Wallflower.,movie,2012
All The people I've murdered by letting you live...,Batman: The Dark Knight Returns,movie,2013
Sometimes you gotta run before you can walk,Ironman 3,movie,2013
Look closer because the closer you think you are the less you actually see,Now You See Me,movie,2013
I have nothing to prove to you,Captain Marvel,movie,2013
Let us learn to show our friendship for a man when he is alive and not after he is dead.,The Great Gatsby,movie,2013
If wishes could be granted if desires could be fulfilled then I wouldn’t wish or desire for anything after all. The things you’re handed on a silver platter are never genuine and never everlasting. And that is why I’ll always keep searching.,Oregairu,anime,2013
The people who are crazy enough to think that they can change the world are the one's who do,Jobs,movie,2013
A wise man can learn more from his enemies than a fool from his friends.,Rush,movie,2013
There's no nobility in poverty.,The Wolf of Wall Street,movie,2013
You’ve changed Bilbo Baggins. You’re not the same hobbit as the one who left the Shire.,The Hobbit: The Desolation of Smaug,movie,2013
I warned your grandfather of what his greed would summon but he would not listen.,The Hobbit: The Desolation of Smaug,movie,2013
Let it go!,Frozen,movie,2013
Proximity to power deludes some into thinking they wield it.,House of Cards,tv,2013
Just remember: if you look in the face of evil evil's gonna look right back at you.,American Horror Story,tv,2013
The only thing we're allowed to believe is that we won't regret the choice we made.,Attack on Titan,anime,2013
You have got to be willing to crash and burn. If you are afraid of failing you wont get very far,Steve Jobs,movie,2013
It's the loneliest feeling not to know who you are,Alita: Battle Angel,movie,2013
I just try to live every day as if it was the final day of my extraordinary ordinary life.,About Time,movie,2013
I don't want to survive. I want to live.,12 years a slave,movie,2013
Look At Me I'm The Captain Now,Captian Phillips,movie,2013
You don't turn your back on family Even when they do,The Fast and The Furious 8,movie,2013
Some people say it's more hygienic than a handshake. But who's to say you can't get shit on your fist?,Alan Partridge: Alpha Papa,movie,2013
I'm not sure about anything.,What If,movie,2013
People don’t buy stock; it gets sold to them. Don’t ever forget that.,The Wolf of Wall Street,movie,2013
The heart is not like a box that gets filled up; it expands in size the more you love. I'm different from you. This doesn't make me love you any less. It actually makes me love you more.,Her,movie,2013
People who can’t throw something important away can never hope to change anything.,Attack on Titan,anime,2013
Well I don't want to survive. I want to live.,12 Years a Slave,movie,2013
We're all traveling through time together everyday of our lives... All we can do is do our best to relish this remarkable life.,About Time,movie,2013
Rather than a person who hurts others become the person getting hurt,Tokyo Ghoul,anime,2014
It's not magic it's talent and sweat.,Silicon Valley HBO,movie,2014
The truth is a matter of circumstances it’s not all things to all people all the time.,Captain America: The Winter Soldier,movie,2014
Don't wait for things to get easier simpler better. Life will always be complicated. Learn to be happy right now. Otherwise you'll run out of time.,The Intouchables,movie,2014
Even a broken clock is right twice a day.,The Imitation Game,movie,2014
Not quite my tempo.,Whiplash,movie,2014
Popularity is the slutty little cousin of prestige.,Birdman,movie,2014
Look you're beautiful and you're talented. And I'm lucky to have you.,Birdman,movie,2014
One day it’ll grow and every time I look at it I’ll remember. Remember everything that happened: the good the bad and how lucky I am that I made it home.,The Hobbit: The Battle of Five Armies,movie,2014
That’s what you always do you confuse love for admiration.,Birdman,movie,2014
If more people valued home above gold this world would be a merrier place.,The Hobbit: The Battle of Five Armies,movie,2014
Only a fool argues for the pride of a dead man.,The Raid 2: Berandal,movie,2014
They never see you coming do they Bob?,The Drop,movie,2014
Sometimes it is the people who no one imagines anything of who do the things that no one can imagine.,The Imitation Game,movie,2014
I am Groot.,Guardians of the Galaxy,movie,2014
The only thing standing between you and your goal is the bullshit story you keep telling yourself as to why you can/'t achieve it.,Wolf of the Wall Street,movie,2014
So many times in my life I screwed up: I've talked when I should've listened I've been harsh when I should've been tender.,Ad Astra,movie,2014
Dragon sickness. I’ve seen it before. That look the terrible need. It is a fierce and jealous love Bilbo. It sent his grandfather mad.,The Hobbit: The Battle of Five Armies,movie,2014
People keep asking if I'm back and I haven't really had an answer but yeah I'm thinking I'm back.,John Wick,movie,2014
Do not go gentle into that good night. Rage rage against the dying of the light.,Interstellar,movie,2014
There are no two words in the English language more harmful than good job.,Whiplash,movie,2014
You don't get to choose if you get hurt in this worldbut you do have a say in who hearts you,Fault in our stars,movie,2014
We used to look up at the sky and wonder at our place in the stars now we just look down and worry about our place in the dirt.,Interstellar,movie,2014
The price of freedom is high and it's the price I am willing to pay,Captain America: The Winter Soldier,movie,2014
I'm not going to launch those ships. Captain's orders.,Captain America: The Winter Soldier,movie,2014
Ideals are peaceful; history is violent.,Fury,war,2014
Dress like a kingsman.,KINGSMAN: The Secret Service,movie,2014
Nobody exists on purpose nobody belongs anywhere everybody's gonna die. Come watch TV?,Rick and Morty,tv,2014
Wubba lubba dub dub!,Rick and Morty,tv,2014
Having a family doesn’t mean that you stop being an individual. You know the best thing you can do for the people that depend on you? Be honest with them even if it means setting them free.,Rick and Morty,tv,2014
There are no two words in the English language more harmful than good job,Whiplash,movie,2014
Machines can never think as humans do but just because something thinks differently from you does it mean it's not thinking?,The Imitation Game,movie,2014
Pain demands to be felt,Fault in our stars,movie,2014
I know it's not ordinary. But who ever loved ordinary?,The Imitation Game,movie,2014
Were you rushing or were you dragging?,Whiplash,movie,2014
No system is safe.,Who Am I,movie,2014
Everyone’s a whore Grace. We just sell different parts of ourselves.,Peaky Blinders,tv,2014
We are all different. However bad life may seem there is always something you can do and succeed at. While there's life there is hope.,The Theory of Everything,movie,2014
Come find me when you wake up!,Edge Of Tomorrow,movie,2014
You never would have come here unless you believed you were going to save them. Evolution has yet to transcend that simple barrier. We can care deeply - selflessly - about those we know but that empathy rarely extends beyond our line of sight.,Interstellar,movie,2014
This world’s a treasure but it’s been telling us to leave for a while now.,Interstellar,movie,2014
A machine doesn't improvise well because you cannot program a fear of death. Our survival instinct is our greatest source of inspiration.,Interstellar,movie,2014
Not my tempo.,Whiplash,movie,2014
Mankind was born on Earth. It was never meant to die here.,Interstellar,movie,2014
Hardest time to lie to somebody is when they're expecting to be lied to.,The Imitation Game,movie,2014
Some infinities are bigger than other infinities.,The Fault in our stars,movie,2014
If an angelic being fell from the sky and tried to live in this world of ours I think even they would commit many wrongs.,Tokyo Ghoul,anime,2014
I'm on a roller-coaster that only goes up my friend.,The Fault in Our Stars,movie,2014
It's not because we can't take vengeance that we should feel sorry. The real reason to feel sorry... is when one is hung up on revenge and can't live their own life.,Tokyo Ghoul,anime,2014
Sometimes it's people closest to us who lie to us best,Arrow,tv,2015
You become responsible forever for everything you tamed.,The Little Prince,movie,2015
Mark Watney Space Pirate.,The Martian,movie,2015
How do you know the angel and the devil inside me aren’t the same thing?,Daredevil,tv,2015
I am the scales of justice conductor of the choir of death!,Mad Max,movie,2015
Oh what a day. What a lovely day!,Mad Max,movie,2015
Witness me!,Mad Max,movie,2015
I'm going to have to science the s*** out of this.,The Martian,movie,2015
Just because someone stumbles and loses their path doesn’t mean they’re lost forever.,X-Men: Days of Future Past,movie,2015
Manners maketh man,KINGSMAN: The Secret Service,movie,2015
Haven't you ever wanted something so ba that it becomes more than a want?,Rebel of the Sands,movie,2015
When I get back home I want all the praise to go towards me.,The Martian,movie,2015
What a treacherous thing to believe that a person is more than a person?,Paper Towns,movie,2015
Examined from another angle your faults and weaknesses can be weapons,Assassination classroom,anime,2015
People keeps secret computers don't,Arrow,tv,2015
That's not how the force works!,Star Wars: Episode VII - The Force Awakens,movie,2015
But if you tame me then we shall need each other to me you shall be unique in all the world to you i shall be unique.,The Little Prince,movie,2015
Chewie we're home.,The Force Awakens,movie,2015
My tastes are very singular.,Fifty Shades of Grey ,movie,2015
It is only with the heart that one can see rightly; what is essential is invisible to the eye,The Little Prince,movie,2015
Like the oldman said together,Avengers - Age of Ultron,movie,2015
Power belongs to those who take it.,Mr. Robot,tv,2015
That light saber was luke's and his father's before him and now it calls to you!,Star Wars: The Force Awakens,movie,2015
I don't have friends. I got family.,Furious 7,movie,2015
A bit of madness is key,La La Land,movie,2016
Secrecy is security and security is victory.,Snowden,movie,2016
Once in a while when I wake up. I find myself crying.,Kimi No Nawa,movie,2016
When life gets you down you know what you gotta do? Just keep swimming.,Finding Dory,movie,2016
Bombs won't stop terrorism brains will and we don't have nearly enough of those.,Snowden,movie,2016
Marriage is buying a house for someone you hate,The Nice Guys,movie,2016
At some point you gotta decide for yourself who you gonna be. Can't let nobody make that decision for you.,Moonlight,movie,2016
Life’s a little bit messy. We all make mistakes. No matter what type of animal you are change starts with you.,Zootopia,movie,2016
For Azeroth for the Alliance!,Warcraft,movie,2016
When you love someone you work it out. You don't just throw it away. You have to be careful with it you might never get it again.,Nocturnal Animals,movie,2016
You're right Aurora. But the drowning man will always try and drag somebody down with him. It ain't right but the man's drowning.,Passengers,movie,2016
Tell me... do you bleed? You will!,BATMAN V SUPERMAN: DAWN OF JUSTICE,movie,2016
You can’t buy love but you can rent it for three minutes!,Deadpool,movie,2016
Life’s a little bit messy. We all make mistakes. No matter what type of animal you are change starts with you.,Zootopia,Anime,2016
I can do this all day!,Captain America: Civil War,movie,2016
My dad used to say 'If you live an ordinary life all you'll have are ordinary stories. You have to live a life of adventure.',Passengers,movie,2016
Start With Where You're From,Lion,movie,2016
PWinston... tell them... Tell them all... Whoever comes whoever it is... I'll kill them. I'll kill them all.,John Wick 2,movie,2017
Do you know what a Cinnabon is? It's bread! And frosting! And cinnamon! They heat it up! Really hot!,Bee Movie,movie,2017
Life is a big trap made up of little traps... If you listen hard... sometimes you could hear them snap shut.,Sense8,tv,2017
Don't do anything I would do and definitely don't do anything I wouldn't do...,Spider-Man: Homecoming,movie,2017
There’s no hiding from this son.,Dunkirk,movie,2017
When all seems lost a few brave souls can save everything we've ever known.,Transformers : The Light Night,movie,2017
I promise you ... No matter where we will be in this world ... I promise we will meet again.,Your Name,movie,2017
Unfortunately we’re all human. Except me of course.,Mr.Robot,tv,2017
Break hearts not promises.,Turtles All the Way Down,movie,2017
Every time we get a chance to get ahead they move the finish line every time.,Hidden Figures,movie,2017
When we lose our principles we invite chaos.,Mr. Robot,tv,2017
People walk around act like they know what hate means. Nah no one does until you hate yourself. I mean truly hate yourself. That’s power.,Mr. Robot,tv,2017
We Shall Never Surrender.,Dunkirk,movie,2017
I have burrowed underneath your brain. I am nested there. I am the scream in your mind. You will cooperate.,Mr. Robot,tv,2017
Treasure the experience. Dreams fade away after you wake up,Your Name,movie,2017
Leave One Wolf Alive and the Sheep are Never Safe,Game of Thrones Season 7,movie,2017
Love's the most powerful emotion and that makes it the most dangerous,Arrow,tv,2017
You’re so dark! Are you sure you’re not from the DC universe? I love dubstep!,Deadpool 2,movie,2018
If you want to change things in a big way then you gotta make some big changes.,Creed 2,movie,2018
Just because something works doesn’t mean it can’t be improved.,Black Panther,movie,2018
There is no such thing as magic just illusion. Things only change when we change them. But you have to do it skillfully in secret. Then it seems like magic.,Dark,tv,2018
The darkest nights produce the brightest stars.,Bumblebee,movie,2018
That’s one small step for man one giant leap for mankind.,First Man,movie,2018
Is this your king?,Black Panther,movie,2018
That person who helps others simply because it should or must be done and because it is the right thing to do is indeed without a doubt a real superhero.,Spider-Man: Into the Spider-Verse,movie,2018
If we didn’t do what we loved we wouldn’t exist.,Adonis Creed II,movie,2018
Sometimes we think we have to do it all on our own. But we don’t.,Creed 2,movie,2018
I just wanted to take another look at you.,A Star Is Born,movie,2018
The hardest choices require the strongest wills,Avengers: Infinity War,movie,2018
What’s done is done when we say it’s done.,Mission Impossible: fallout,movie,2018
Change is like death. You don’t know what it looks like until you’re standing at the gates.,Jurassic World: Fallen Kingdom,movie,2018
Being a hero doesn't mean you are invincible. It just means you're brave enough to stand up and do what's needed.,Two Heroes,movie,2018
Sometimes when you're feeling helpless the secret is to help someone else. Get out of your own head. Trust me. The next time someone asks for help say yes.,The Good Place,tv,2018
Yeah. Well you’re right. I thought it was more important to be somebody out there than the damn failure I was here at my own home. Anyway for what it’s worth I’m here now.,The Mule,movie,2018
Whatever it takes!,Avengers : Infinity War,movie,2018
That does put a smile on my face.,Avengers: Infinity War,movie,2018
For I am a Sinner in the hands of an angry God Bloody Mary Full of Vodka Blessed are you among cocktails pray for me now at the hour of my death which I hope is soon. Amen,Archer,tv,2018
Being genius is not enough it takes courage to change people's hearts.,Green Book,movie,2018
Elsa the past is not what it seems. You must find the truth.,Frozen II,movie,2019
I remember the story of an evil witch at the princess she cursed to sleep forever. The story became legend. But this is no fairy tale.,Maleficent:The Mistress of Evil,movie,2019
I can do this all day,Avengers: Endgame,movie,2019
I love you 3000.,Avengers: Endgame,movie,2019
I laugh in the face of danger,The Lion King,movie,2019
Being brave doesn’t mean you go looking for trouble.,The Lion King,movie,2019
Lord knows I’ve held onto way too much hate in my life. But all we have is now. All we have is now.,Waves,movie,2019
All I have are negative thoughts.,Joker,movie,2019
Nothing is funnier than unhappiness.,Avengers: Endgame,movie,2019
Is it just me or is it getting crazier out there?,Joker,movie,2019
 If you want to get crazy. We can get crazy.,Us,movie,2019
A new chapter of my life has begun. Already I can feel the weight of this crown I wear.,The King,movie,2019
You all love twisting the knife into one another.,Knives Out,movie,2019
Things are very uncomfortable between us but we’re stuck in a house together.,The Lodge,movie,2019
Pearl Harbor is the greatest intelligence failure in American history.,Midway,movie,2019
There’s nothing you can’t do if you try.,Dr Stone,anime,2019
I just want to escape. Dad always wanted me to travel the world. Someday.,Abominable,movie,2019
They have all the money all the firepower and they’ll use it. I know I was one of them.,Dark Waters,movie,2019
I think the best thing we can do is to let people know that each one of them is precious.,A Beautiful Day in the Neighbourhood,movie,2019
Well I’ve got no leashes or fences. With me every day could be an adventure.,The Lady and the Tramp,movie,2019
You're really lucky you know that? You didn't have to wait your whole life to do something special.,El Camino,movie,2019
Even if we do ignore the previous data Broly's latent abilities are quite remarkable.,Dragon Ball Super: Broly,movie,2019
My mother always tells me to smile and put on a happy face. She told me I had a purpose to bring laughter and joy to the world.,Joker,movie,2019
How truly magnificent! I think this battle is about to come to a rousing finale!,Dragon Ball Super: Broly,movie,2019
Today the impossible becomes the possible. ,The Current War,movie,2019
There is no punchline.,Joker,movie,2019
Is it just me or is it getting crazier out there?’,Joker,movie,2019
That's MotherF****** street poetic justice.,Shaft,movie,2019
Maybe it's because I'm constantly fighting destro…d to be a lower-class warrior... like my Kakarot.,Dragon Ball Super: Broly,movie,2019
These barbarians pretend to be submissive but the…a sleeping beast down before it can be awakened.,Dragon Ball Super: Broly,movie,2019
Time means nothing. Jeremy Bearimy baby. We’ll just get through this. And then you and I can chill out in the dot of the I forever.,The Good Place,tv,2019
The worst part of having a mental illness is people expect you to behave as if you don't,Joker,movie,2019
You give me your loyalty and I’ll guarantee that each and every one of you will have a chance to be a warrior to actually be a part of history.,The Kill Team,movie,2019
What do you want most in the world?,Anna,movie,2019
I do what I do because of my dad. He was a hero. He gave his life for the pursuit of knowledge.,Ad Astra,movie,2019
You've got a lot to learn. Here on Earth we like …have to listen to what the others tell you to do.,Dragon Ball Super: Broly,movie,2019
Following's not really my style.,Marvel's The Avengers,movie,2019
I have nothing to prove to you,Captain Marvel,movie,2019
Dude you are on fire.,El Camino,movie,2019
This is me. This is how I win.,Uncut Gems,movie,2019
Why have average when you can have extraordinary?,The Boys,tv,2019
You are my lighting rod.,Avengers: Endgame,movie,2019
Bruce Lee: My hands are registered as lethal weapons. We get into a fight I accidentally kill you... I go to jail.,Once Upon a Time in Hollywood,movie,2019
I'm as real as a donut motherfucker.,Once Upon a Time in Hollywood,movie,2019
I used to think that my life was a tragedy. But now I realize it’s a comedy.,Joker,movie,2019
I use the words you taught me. If they don't mean anything any more teach me others. Or let me be silent.,Avengers: Endgame,movie,2019
I used to use this little gun when I was a prostitude.,Pineapple Express,movie,2019
If you want to get crazy. We can get crazy.,Us,movie,2019
If you can only do one thing hone it to perfection. Hone it to the utmost limit!,Kimetsu no Yaiba,anime,2019
You get what you f***ing deserve !!,Joker,movie,2019
You don't listen do you?,Joker,movie,2019
Never let your wings be stolen for you,Maleficent:The Mistress of Evil,movie,2019
Guns lots of guns.,John Wick 3: Parabellum,movie,2019
I was so sure my strength was getting close to it'…on this planet... Then who would I train against.,Dragon Ball Super: Broly,movie,2019
No amount of money ever bought a second of time.,Avengers: Endgame,movie,2019
The end is in the beginning and yet you go on.,Avengers: Endgame,movie,2019
This meeting of The Losers Club has officially begun.,It Chapter Two,movie,2019
 Spider-Pig Spider-Pig. Does whatever a Spider-Pig does. Can he swing from a web? No he can't he's a pig. Look out! He is a Spider-Pig!,The Simpsons Movie,movie,2019
Let’s do this.,Men in Black,movie,2019
It looks as though he's managed to transform someh… his human form retaining his speed and agility.,Dragon Ball Super: Broly,movie,2019
I just hope my death makes more cents than my life.,Joker,movie,2019
I am Iron Man.,Avengers: Endgame,movie,2019
I didn't know if you were lost. Stick with me. I'll keep you safe.,Us,movie,2019
This guy's awesome! He's holding his own while still in his base form!,Dragon Ball Super: Broly,movie,2019
Murder is murder it don’t matter who you are.,Black and Blue,movie,2019
You know what a lion is? A lion is a strong animal. They do what the fuck they wanna do. Take what they want eat what they want they run when they feel like it. Lion.,Between Two Ferns: The Movie,movie,2019
That was the best acting i've ever seen in my whole life.,Once Upon a Time in Hollywood,movie,2019